{
	"IcoMoonType": "selection",
	"icons": [
		{
			"icon": {
				"paths": [
					"M1024 590.444l-512-397.426-512 397.428v-162.038l512-397.426 512 397.428zM896 576v384h-256v-256h-256v256h-256v-384l384-288z"
				],
				"attrs": [],
				"isMulticolor": false,
				"tags": [
					"home",
					"house"
				],
				"grid": 16
			},
			"attrs": [],
			"properties": {
				"order": 1,
				"prevSize": 16,
				"ligatures": "home, house",
				"name": "home",
				"id": 1,
				"code": 59648
			},
			"setIdx": 0,
			"setId": 0,
			"iconIdx": 0
		},
		{
			"icon": {
				"paths": [
					"M964.73 178.804c-93.902-109.45-233.21-178.804-388.73-178.804-282.77 0-512 229.23-512 512s229.23 512 512 512c155.52 0 294.828-69.356 388.728-178.804l-324.728-333.196 324.73-333.196zM704 120.602c39.432 0 71.398 31.964 71.398 71.398 0 39.432-31.966 71.398-71.398 71.398s-71.398-31.966-71.398-71.398c0-39.432 31.966-71.398 71.398-71.398z"
				],
				"attrs": [],
				"isMulticolor": false,
				"tags": [
					"pacman",
					"game",
					"arcade"
				],
				"grid": 16
			},
			"attrs": [],
			"properties": {
				"order": 2,
				"prevSize": 16,
				"ligatures": "pacman, game2",
				"name": "pacman",
				"id": 23,
				"code": 59649
			},
			"setIdx": 0,
			"setId": 0,
			"iconIdx": 22
		},
		{
			"icon": {
				"paths": [
					"M864 0h-768c-52.8 0-96 43.2-96 96v832c0 52.8 43.2 96 96 96h768c52.8 0 96-43.2 96-96v-832c0-52.8-43.2-96-96-96zM832 896h-704v-768h704v768zM256 576h448v64h-448zM256 704h448v64h-448zM320 288c0-53.019 42.981-96 96-96s96 42.981 96 96c0 53.019-42.981 96-96 96s-96-42.981-96-96zM480 384h-128c-52.8 0-96 28.8-96 64v64h320v-64c0-35.2-43.2-64-96-64z"
				],
				"attrs": [],
				"isMulticolor": false,
				"tags": [
					"profile",
					"file",
					"document",
					"page",
					"user",
					"paper"
				],
				"grid": 16
			},
			"attrs": [],
			"properties": {
				"order": 3,
				"prevSize": 16,
				"ligatures": "profile, file2",
				"name": "profile",
				"id": 36,
				"code": 59650
			},
			"setIdx": 0,
			"setId": 0,
			"iconIdx": 35
		},
		{
			"icon": {
				"paths": [
					"M448 128l128 128h448v704h-1024v-832z"
				],
				"attrs": [],
				"isMulticolor": false,
				"tags": [
					"folder",
					"directory",
					"category",
					"browse"
				],
				"grid": 16
			},
			"attrs": [],
			"properties": {
				"order": 7,
				"prevSize": 16,
				"ligatures": "folder, directory",
				"name": "folder",
				"id": 48,
				"code": 59651
			},
			"setIdx": 0,
			"setId": 0,
			"iconIdx": 47
		},
		{
			"icon": {
				"paths": [
					"M832 960l192-512h-832l-192 512zM128 384l-128 576v-832h288l128 128h416v128z"
				],
				"attrs": [],
				"isMulticolor": false,
				"tags": [
					"folder-open",
					"directory",
					"category",
					"browse"
				],
				"grid": 16
			},
			"attrs": [],
			"properties": {
				"order": 8,
				"prevSize": 16,
				"ligatures": "folder-open, directory2",
				"name": "folder-open",
				"id": 49,
				"code": 59652
			},
			"setIdx": 0,
			"setId": 0,
			"iconIdx": 48
		},
		{
			"icon": {
				"paths": [
					"M576 256l-128-128h-448v832h1024v-704h-448zM704 704h-128v128h-128v-128h-128v-128h128v-128h128v128h128v128z"
				],
				"attrs": [],
				"isMulticolor": false,
				"tags": [
					"folder-plus",
					"directory",
					"folder-add"
				],
				"grid": 16
			},
			"attrs": [],
			"properties": {
				"order": 4,
				"prevSize": 16,
				"ligatures": "folder-plus, directory3",
				"name": "folder-plus",
				"id": 50,
				"code": 59653
			},
			"setIdx": 0,
			"setId": 0,
			"iconIdx": 49
		},
		{
			"icon": {
				"paths": [
					"M576 256l-128-128h-448v832h1024v-704h-448zM704 704h-384v-128h384v128z"
				],
				"attrs": [],
				"isMulticolor": false,
				"tags": [
					"folder-minus",
					"directory",
					"folder-remove"
				],
				"grid": 16
			},
			"attrs": [],
			"properties": {
				"order": 5,
				"prevSize": 16,
				"ligatures": "folder-minus, directory4",
				"name": "folder-minus",
				"id": 51,
				"code": 59654
			},
			"setIdx": 0,
			"setId": 0,
			"iconIdx": 50
		},
		{
			"icon": {
				"paths": [
					"M576 256l-128-128h-448v832h1024v-704h-448zM512 864l-224-224h160v-256h128v256h160l-224 224z"
				],
				"attrs": [],
				"isMulticolor": false,
				"tags": [
					"folder-download",
					"directory",
					"folder-save"
				],
				"grid": 16
			},
			"attrs": [],
			"properties": {
				"order": 6,
				"prevSize": 16,
				"ligatures": "folder-download, directory5",
				"name": "folder-download",
				"id": 52,
				"code": 59655
			},
			"setIdx": 0,
			"setId": 0,
			"iconIdx": 51
		},
		{
			"icon": {
				"paths": [
					"M576 706.612v-52.78c70.498-39.728 128-138.772 128-237.832 0-159.058 0-288-192-288s-192 128.942-192 288c0 99.060 57.502 198.104 128 237.832v52.78c-217.102 17.748-384 124.42-384 253.388h896c0-128.968-166.898-235.64-384-253.388z"
				],
				"attrs": [],
				"isMulticolor": false,
				"tags": [
					"user",
					"profile",
					"avatar",
					"person",
					"member"
				],
				"grid": 16
			},
			"attrs": [],
			"properties": {
				"order": 9,
				"prevSize": 16,
				"ligatures": "user, profile2",
				"name": "user",
				"id": 114,
				"code": 59656
			},
			"setIdx": 0,
			"setId": 0,
			"iconIdx": 113
		},
		{
			"icon": {
				"paths": [
					"M768 770.612v-52.78c70.498-39.728 128-138.772 128-237.832 0-159.058 0-288-192-288s-192 128.942-192 288c0 99.060 57.502 198.104 128 237.832v52.78c-217.102 17.748-384 124.42-384 253.388h896c0-128.968-166.898-235.64-384-253.388z",
					"M327.196 795.328c55.31-36.15 124.080-63.636 199.788-80.414-15.054-17.784-28.708-37.622-40.492-59.020-30.414-55.234-46.492-116.058-46.492-175.894 0-86.042 0-167.31 30.6-233.762 29.706-64.504 83.128-104.496 159.222-119.488-16.914-76.48-61.94-126.75-181.822-126.75-192 0-192 128.942-192 288 0 99.060 57.502 198.104 128 237.832v52.78c-217.102 17.748-384 124.42-384 253.388h279.006c14.518-12.91 30.596-25.172 48.19-36.672z"
				],
				"width": 1152,
				"attrs": [],
				"isMulticolor": false,
				"tags": [
					"users",
					"group",
					"team",
					"members",
					"community",
					"collaborate"
				],
				"grid": 16
			},
			"attrs": [],
			"properties": {
				"order": 10,
				"prevSize": 16,
				"ligatures": "users, group",
				"name": "users",
				"id": 115,
				"code": 59657
			},
			"setIdx": 0,
			"setId": 0,
			"iconIdx": 114
		},
		{
			"icon": {
				"paths": [
					"M384 736c0-151.234 95.874-280.486 230.032-330.2 16.28-36.538 25.968-77.164 25.968-117.8 0-159.058 0-288-192-288s-192 128.942-192 288c0 99.060 57.502 198.104 128 237.832v52.78c-217.102 17.748-384 124.42-384 253.388h397.306c-8.664-30.53-13.306-62.732-13.306-96z",
					"M736 448c-159.058 0-288 128.942-288 288s128.942 288 288 288c159.056 0 288-128.942 288-288s-128.942-288-288-288zM896 768h-128v128h-64v-128h-128v-64h128v-128h64v128h128v64z"
				],
				"width": 1024,
				"attrs": [],
				"isMulticolor": false,
				"tags": [
					"user-plus",
					"user",
					"user-add",
					"profile",
					"avatar",
					"person",
					"member"
				],
				"grid": 16
			},
			"attrs": [],
			"properties": {
				"order": 11,
				"prevSize": 16,
				"ligatures": "user-plus, user2",
				"name": "user-plus",
				"id": 116,
				"code": 59658
			},
			"setIdx": 0,
			"setId": 0,
			"iconIdx": 115
		},
		{
			"icon": {
				"paths": [
					"M384 736c0-151.234 95.874-280.486 230.032-330.2 16.28-36.538 25.968-77.164 25.968-117.8 0-159.058 0-288-192-288s-192 128.942-192 288c0 99.060 57.502 198.104 128 237.832v52.78c-217.102 17.748-384 124.42-384 253.388h397.306c-8.664-30.53-13.306-62.732-13.306-96z",
					"M736 448c-159.058 0-288 128.942-288 288s128.942 288 288 288c159.056 0 288-128.942 288-288s-128.942-288-288-288zM896 768h-320v-64h320v64z"
				],
				"width": 1024,
				"attrs": [],
				"isMulticolor": false,
				"tags": [
					"user-minus",
					"user",
					"user-remove",
					"profile",
					"avatar",
					"person",
					"member"
				],
				"grid": 16
			},
			"attrs": [],
			"properties": {
				"order": 12,
				"prevSize": 16,
				"ligatures": "user-minus, user3",
				"name": "user-minus",
				"id": 117,
				"code": 59659
			},
			"setIdx": 0,
			"setId": 0,
			"iconIdx": 116
		},
		{
			"icon": {
				"paths": [
					"M960 608l-288 288-96-96-64 64 160 160 352-352z",
					"M448 768h320v-115.128c-67.22-39.2-156.308-66.11-256-74.26v-52.78c70.498-39.728 128-138.772 128-237.832 0-159.058 0-288-192-288s-192 128.942-192 288c0 99.060 57.502 198.104 128 237.832v52.78c-217.102 17.748-384 124.42-384 253.388h448v-64z"
				],
				"width": 1024,
				"attrs": [],
				"isMulticolor": false,
				"tags": [
					"user-check",
					"user",
					"user-tick",
					"profile",
					"avatar",
					"person",
					"member"
				],
				"grid": 16
			},
			"attrs": [],
			"properties": {
				"order": 19,
				"prevSize": 16,
				"ligatures": "user-check, user4",
				"name": "user-check",
				"id": 118,
				"code": 59660
			},
			"setIdx": 0,
			"setId": 0,
			"iconIdx": 117
		},
		{
			"icon": {
				"paths": [
					"M933.79 610.25c-53.726-93.054-21.416-212.304 72.152-266.488l-100.626-174.292c-28.75 16.854-62.176 26.518-97.846 26.518-107.536 0-194.708-87.746-194.708-195.99h-201.258c0.266 33.41-8.074 67.282-25.958 98.252-53.724 93.056-173.156 124.702-266.862 70.758l-100.624 174.292c28.97 16.472 54.050 40.588 71.886 71.478 53.638 92.908 21.512 211.92-71.708 266.224l100.626 174.292c28.65-16.696 61.916-26.254 97.4-26.254 107.196 0 194.144 87.192 194.7 194.958h201.254c-0.086-33.074 8.272-66.57 25.966-97.218 53.636-92.906 172.776-124.594 266.414-71.012l100.626-174.29c-28.78-16.466-53.692-40.498-71.434-71.228zM512 719.332c-114.508 0-207.336-92.824-207.336-207.334 0-114.508 92.826-207.334 207.336-207.334 114.508 0 207.332 92.826 207.332 207.334-0.002 114.51-92.824 207.334-207.332 207.334z"
				],
				"attrs": [],
				"isMulticolor": false,
				"tags": [
					"cog",
					"gear",
					"preferences",
					"settings",
					"generate",
					"control",
					"options"
				],
				"grid": 16
			},
			"attrs": [],
			"properties": {
				"order": 13,
				"prevSize": 16,
				"ligatures": "cog, gear",
				"name": "cog",
				"id": 149,
				"code": 59661
			},
			"setIdx": 0,
			"setId": 0,
			"iconIdx": 148
		},
		{
			"icon": {
				"paths": [
					"M363.722 722.052l41.298-57.816-45.254-45.256-57.818 41.296c-10.722-5.994-22.204-10.774-34.266-14.192l-11.682-70.084h-64l-11.68 70.086c-12.062 3.418-23.544 8.198-34.266 14.192l-57.818-41.298-45.256 45.256 41.298 57.816c-5.994 10.72-10.774 22.206-14.192 34.266l-70.086 11.682v64l70.086 11.682c3.418 12.060 8.198 23.544 14.192 34.266l-41.298 57.816 45.254 45.256 57.818-41.296c10.722 5.994 22.204 10.774 34.266 14.192l11.682 70.084h64l11.68-70.086c12.062-3.418 23.544-8.198 34.266-14.192l57.818 41.296 45.254-45.256-41.298-57.816c5.994-10.72 10.774-22.206 14.192-34.266l70.088-11.68v-64l-70.086-11.682c-3.418-12.060-8.198-23.544-14.192-34.266zM224 864c-35.348 0-64-28.654-64-64s28.652-64 64-64 64 28.654 64 64-28.652 64-64 64zM1024 384v-64l-67.382-12.25c-1.242-8.046-2.832-15.978-4.724-23.79l57.558-37.1-24.492-59.128-66.944 14.468c-4.214-6.91-8.726-13.62-13.492-20.13l39.006-56.342-45.256-45.254-56.342 39.006c-6.512-4.766-13.22-9.276-20.13-13.494l14.468-66.944-59.128-24.494-37.1 57.558c-7.812-1.892-15.744-3.482-23.79-4.724l-12.252-67.382h-64l-12.252 67.382c-8.046 1.242-15.976 2.832-23.79 4.724l-37.098-57.558-59.128 24.492 14.468 66.944c-6.91 4.216-13.62 8.728-20.13 13.494l-56.342-39.006-45.254 45.254 39.006 56.342c-4.766 6.51-9.278 13.22-13.494 20.13l-66.944-14.468-24.492 59.128 57.558 37.1c-1.892 7.812-3.482 15.742-4.724 23.79l-67.384 12.252v64l67.382 12.25c1.242 8.046 2.832 15.978 4.724 23.79l-57.558 37.1 24.492 59.128 66.944-14.468c4.216 6.91 8.728 13.618 13.494 20.13l-39.006 56.342 45.254 45.256 56.342-39.006c6.51 4.766 13.22 9.276 20.13 13.492l-14.468 66.944 59.128 24.492 37.102-57.558c7.81 1.892 15.742 3.482 23.788 4.724l12.252 67.384h64l12.252-67.382c8.044-1.242 15.976-2.832 23.79-4.724l37.1 57.558 59.128-24.492-14.468-66.944c6.91-4.216 13.62-8.726 20.13-13.492l56.342 39.006 45.256-45.256-39.006-56.342c4.766-6.512 9.276-13.22 13.492-20.13l66.944 14.468 24.492-59.13-57.558-37.1c1.892-7.812 3.482-15.742 4.724-23.79l67.382-12.25zM672 491.2c-76.878 0-139.2-62.322-139.2-139.2s62.32-139.2 139.2-139.2 139.2 62.322 139.2 139.2c0 76.878-62.32 139.2-139.2 139.2z"
				],
				"attrs": [],
				"isMulticolor": false,
				"tags": [
					"cogs",
					"gears",
					"preferences",
					"settings",
					"generate",
					"control",
					"options"
				],
				"grid": 16
			},
			"attrs": [],
			"properties": {
				"order": 14,
				"prevSize": 16,
				"ligatures": "cogs, gears",
				"name": "cogs",
				"id": 150,
				"code": 59662
			},
			"setIdx": 0,
			"setId": 0,
			"iconIdx": 149
		},
		{
			"icon": {
				"paths": [
					"M448 576v-448c-247.424 0-448 200.576-448 448s200.576 448 448 448 448-200.576 448-448c0-72.034-17.028-140.084-47.236-200.382l-400.764 200.382zM912.764 247.618c-73.552-146.816-225.374-247.618-400.764-247.618v448l400.764-200.382z"
				],
				"attrs": [],
				"isMulticolor": false,
				"tags": [
					"pie-chart",
					"stats",
					"statistics",
					"graph"
				],
				"grid": 16
			},
			"attrs": [],
			"properties": {
				"order": 15,
				"prevSize": 16,
				"ligatures": "pie-chart, stats",
				"name": "pie-chart",
				"id": 155,
				"code": 59663
			},
			"setIdx": 0,
			"setId": 0,
			"iconIdx": 154
		},
		{
			"icon": {
				"paths": [
					"M128 896h896v128h-1024v-1024h128zM288 832c-53.020 0-96-42.98-96-96s42.98-96 96-96c2.828 0 5.622 0.148 8.388 0.386l103.192-171.986c-9.84-15.070-15.58-33.062-15.58-52.402 0-53.020 42.98-96 96-96s96 42.98 96 96c0 19.342-5.74 37.332-15.58 52.402l103.192 171.986c2.766-0.238 5.56-0.386 8.388-0.386 2.136 0 4.248 0.094 6.35 0.23l170.356-298.122c-10.536-15.408-16.706-34.036-16.706-54.11 0-53.020 42.98-96 96-96s96 42.98 96 96c0 53.020-42.98 96-96 96-2.14 0-4.248-0.094-6.35-0.232l-170.356 298.124c10.536 15.406 16.706 34.036 16.706 54.11 0 53.020-42.98 96-96 96s-96-42.98-96-96c0-19.34 5.74-37.332 15.578-52.402l-103.19-171.984c-2.766 0.238-5.56 0.386-8.388 0.386s-5.622-0.146-8.388-0.386l-103.192 171.986c9.84 15.068 15.58 33.060 15.58 52.4 0 53.020-42.98 96-96 96z"
				],
				"attrs": [],
				"isMulticolor": false,
				"tags": [
					"stats-dots",
					"stats",
					"plot",
					"statistics",
					"chart"
				],
				"grid": 16
			},
			"attrs": [],
			"properties": {
				"order": 16,
				"prevSize": 16,
				"ligatures": "stats-dots, stats2",
				"name": "stats-dots",
				"id": 156,
				"code": 59664
			},
			"setIdx": 0,
			"setId": 0,
			"iconIdx": 155
		},
		{
			"icon": {
				"paths": [
					"M0 832h1024v128h-1024zM128 576h128v192h-128zM320 320h128v448h-128zM512 512h128v256h-128zM704 128h128v640h-128z"
				],
				"attrs": [],
				"isMulticolor": false,
				"tags": [
					"stats-bars",
					"stats",
					"statistics",
					"chart"
				],
				"grid": 16
			},
			"attrs": [],
			"properties": {
				"order": 17,
				"prevSize": 16,
				"ligatures": "stats-bars, stats3",
				"name": "stats-bars",
				"id": 157,
				"code": 59665
			},
			"setIdx": 0,
			"setId": 0,
			"iconIdx": 156
		},
		{
			"icon": {
				"paths": [
					"M288 384h-192c-17.6 0-32 14.4-32 32v576c0 17.6 14.4 32 32 32h192c17.6 0 32-14.4 32-32v-576c0-17.6-14.4-32-32-32zM288 960h-192v-256h192v256zM608 256h-192c-17.6 0-32 14.4-32 32v704c0 17.6 14.4 32 32 32h192c17.6 0 32-14.4 32-32v-704c0-17.6-14.4-32-32-32zM608 960h-192v-320h192v320zM928 128h-192c-17.6 0-32 14.4-32 32v832c0 17.6 14.4 32 32 32h192c17.6 0 32-14.4 32-32v-832c0-17.6-14.4-32-32-32zM928 960h-192v-384h192v384z"
				],
				"attrs": [],
				"isMulticolor": false,
				"tags": [
					"stats-bars",
					"stats",
					"statistics",
					"chart"
				],
				"grid": 16
			},
			"attrs": [],
			"properties": {
				"order": 18,
				"prevSize": 16,
				"ligatures": "stats-bars2, stats4",
				"name": "stats-bars2",
				"id": 158,
				"code": 59666
			},
			"setIdx": 0,
			"setId": 0,
			"iconIdx": 157
		},
		{
			"icon": {
				"paths": [
					"M771.516 320c18.126-12.88 35.512-27.216 51.444-43.148 33.402-33.402 55.746-74.5 62.912-115.722 7.858-45.186-3.672-87.14-31.63-115.1-22.3-22.298-52.51-34.086-87.364-34.086-49.632 0-101.922 23.824-143.46 65.362-66.476 66.476-105.226 158.238-126.076 223.722-15.44-65.802-46.206-154.644-106.018-214.458-32.094-32.092-73.114-48.57-111.846-48.57-31.654 0-61.78 11.004-84.26 33.486-49.986 49.988-43.232 137.786 15.086 196.104 20.792 20.792 45.098 38.062 70.72 52.412h-217.024v256h64v448h768v-448.002h64v-256h-188.484zM674.326 128.218c27.724-27.724 62.322-44.274 92.55-44.274 10.7 0 25.708 2.254 36.45 12.998 26.030 26.028 11.412 86.308-31.28 128.998-43.946 43.946-103.060 74.168-154.432 94.060h-50.672c18.568-57.548 52.058-136.456 107.384-191.782zM233.934 160.89c-0.702-9.12-0.050-26.248 12.196-38.494 10.244-10.244 23.788-12.396 33.348-12.396v0c21.258 0 43.468 10.016 60.932 27.48 33.872 33.872 61.766 87.772 80.668 155.876 0.51 1.84 1.008 3.67 1.496 5.486-1.816-0.486-3.646-0.984-5.486-1.496-68.104-18.904-122.002-46.798-155.874-80.67-15.828-15.826-25.77-36.16-27.28-55.786zM448 960h-256v-416h256v416zM448 512h-320v-128h320v128zM832 960h-256v-416h256v416zM896 512h-320v-128h320v128z"
				],
				"attrs": [],
				"isMulticolor": false,
				"tags": [
					"gift",
					"present",
					"box"
				],
				"grid": 16
			},
			"attrs": [],
			"properties": {
				"order": 23,
				"prevSize": 16,
				"ligatures": "gift, present",
				"name": "gift",
				"id": 160,
				"code": 59667
			},
			"setIdx": 0,
			"setId": 0,
			"iconIdx": 159
		},
		{
			"icon": {
				"paths": [
					"M128 320v640c0 35.2 28.8 64 64 64h576c35.2 0 64-28.8 64-64v-640h-704zM320 896h-64v-448h64v448zM448 896h-64v-448h64v448zM576 896h-64v-448h64v448zM704 896h-64v-448h64v448z",
					"M848 128h-208v-80c0-26.4-21.6-48-48-48h-224c-26.4 0-48 21.6-48 48v80h-208c-26.4 0-48 21.6-48 48v80h832v-80c0-26.4-21.6-48-48-48zM576 128h-192v-63.198h192v63.198z"
				],
				"attrs": [],
				"isMulticolor": false,
				"tags": [
					"bin",
					"trashcan",
					"remove",
					"delete",
					"recycle",
					"dispose"
				],
				"grid": 16
			},
			"attrs": [],
			"properties": {
				"order": 20,
				"prevSize": 16,
				"ligatures": "bin, trashcan",
				"name": "bin",
				"id": 173,
				"code": 59668
			},
			"setIdx": 0,
			"setId": 0,
			"iconIdx": 172
		},
		{
			"icon": {
				"paths": [
					"M960 256h-256v-64c0-35.2-28.8-64-64-64h-256c-35.204 0-64 28.8-64 64v64h-256c-35.2 0-64 28.8-64 64v576c0 35.202 28.796 64 64 64h896c35.2 0 64-28.798 64-64v-576c0-35.2-28.8-64-64-64zM384 192.116c0.034-0.040 0.074-0.082 0.114-0.116h255.772c0.042 0.034 0.082 0.076 0.118 0.116v63.884h-256.004v-63.884zM960 512h-128v96c0 17.602-14.4 32-32 32h-64c-17.604 0-32-14.398-32-32v-96h-384v96c0 17.602-14.4 32-32 32h-64c-17.602 0-32-14.398-32-32v-96h-128v-64h896v64z"
				],
				"attrs": [],
				"isMulticolor": false,
				"tags": [
					"briefcase",
					"portfolio",
					"suitcase",
					"work",
					"job",
					"employee"
				],
				"grid": 16
			},
			"attrs": [],
			"properties": {
				"order": 21,
				"prevSize": 16,
				"ligatures": "briefcase, portfolio",
				"name": "briefcase",
				"id": 175,
				"code": 59669
			},
			"setIdx": 0,
			"setId": 0,
			"iconIdx": 174
		},
		{
			"icon": {
				"paths": [
					"M1024 576l-128-256h-192v-128c0-35.2-28.8-64-64-64h-576c-35.2 0-64 28.8-64 64v512l64 64h81.166c-10.898 18.832-17.166 40.678-17.166 64 0 70.692 57.308 128 128 128s128-57.308 128-128c0-23.322-6.268-45.168-17.166-64h354.334c-10.898 18.832-17.168 40.678-17.168 64 0 70.692 57.308 128 128 128s128-57.308 128-128c0-23.322-6.27-45.168-17.168-64h81.168v-192zM704 576v-192h132.668l96 192h-228.668z"
				],
				"attrs": [],
				"isMulticolor": false,
				"tags": [
					"truck",
					"transit",
					"transport",
					"delivery",
					"vehicle"
				],
				"grid": 16
			},
			"attrs": [],
			"properties": {
				"order": 22,
				"prevSize": 16,
				"ligatures": "truck, transit",
				"name": "truck",
				"id": 177,
				"code": 59670
			},
			"setIdx": 0,
			"setId": 0,
			"iconIdx": 176
		},
		{
			"icon": {
				"paths": [
					"M928 128h-288c0-70.692-57.306-128-128-128-70.692 0-128 57.308-128 128h-288c-17.672 0-32 14.328-32 32v832c0 17.674 14.328 32 32 32h832c17.674 0 32-14.326 32-32v-832c0-17.672-14.326-32-32-32zM512 64c35.346 0 64 28.654 64 64s-28.654 64-64 64c-35.346 0-64-28.654-64-64s28.654-64 64-64zM896 960h-768v-768h128v96c0 17.672 14.328 32 32 32h448c17.674 0 32-14.328 32-32v-96h128v768z",
					"M448 858.51l-205.254-237.254 58.508-58.51 146.746 114.744 274.742-242.744 58.514 58.508z"
				],
				"attrs": [],
				"isMulticolor": false,
				"tags": [
					"clipboard",
					"board",
					"signup",
					"register",
					"agreement"
				],
				"grid": 16
			},
			"attrs": [],
			"properties": {
				"order": 30,
				"prevSize": 16,
				"ligatures": "clipboard, board",
				"name": "clipboard",
				"id": 185,
				"code": 59671
			},
			"setIdx": 0,
			"setId": 0,
			"iconIdx": 184
		},
		{
			"icon": {
				"paths": [
					"M384 832h640v128h-640zM384 448h640v128h-640zM384 64h640v128h-640zM192 0v256h-64v-192h-64v-64zM128 526v50h128v64h-192v-146l128-60v-50h-128v-64h192v146zM256 704v320h-192v-64h128v-64h-128v-64h128v-64h-128v-64z"
				],
				"attrs": [],
				"isMulticolor": false,
				"tags": [
					"list-numbered",
					"options"
				],
				"grid": 16
			},
			"attrs": [],
			"properties": {
				"order": 27,
				"prevSize": 16,
				"ligatures": "list-numbered, options",
				"name": "list-numbered",
				"id": 186,
				"code": 59672
			},
			"setIdx": 0,
			"setId": 0,
			"iconIdx": 185
		},
		{
			"icon": {
				"paths": [
					"M0 0h256v256h-256zM384 64h640v128h-640zM0 384h256v256h-256zM384 448h640v128h-640zM0 768h256v256h-256zM384 832h640v128h-640z"
				],
				"attrs": [],
				"isMulticolor": false,
				"tags": [
					"list",
					"todo",
					"bullet",
					"menu",
					"options"
				],
				"grid": 16
			},
			"attrs": [],
			"properties": {
				"order": 28,
				"prevSize": 16,
				"ligatures": "list, todo",
				"name": "list",
				"id": 187,
				"code": 59673
			},
			"setIdx": 0,
			"setId": 0,
			"iconIdx": 186
		},
		{
			"icon": {
				"paths": [
					"M384 64h640v128h-640v-128zM384 448h640v128h-640v-128zM384 832h640v128h-640v-128zM0 128c0-70.692 57.308-128 128-128s128 57.308 128 128c0 70.692-57.308 128-128 128s-128-57.308-128-128zM0 512c0-70.692 57.308-128 128-128s128 57.308 128 128c0 70.692-57.308 128-128 128s-128-57.308-128-128zM0 896c0-70.692 57.308-128 128-128s128 57.308 128 128c0 70.692-57.308 128-128 128s-128-57.308-128-128z"
				],
				"attrs": [],
				"isMulticolor": false,
				"tags": [
					"list",
					"todo",
					"bullet",
					"menu",
					"options"
				],
				"grid": 16
			},
			"attrs": [],
			"properties": {
				"order": 29,
				"prevSize": 16,
				"ligatures": "list2, todo2",
				"name": "list2",
				"id": 188,
				"code": 59674
			},
			"setIdx": 0,
			"setId": 0,
			"iconIdx": 187
		},
		{
			"icon": {
				"paths": [
					"M64 192h896v192h-896zM64 448h896v192h-896zM64 704h896v192h-896z"
				],
				"attrs": [],
				"isMulticolor": false,
				"tags": [
					"menu",
					"list",
					"options",
					"lines",
					"hamburger"
				],
				"grid": 16
			},
			"attrs": [],
			"properties": {
				"order": 24,
				"prevSize": 16,
				"ligatures": "menu, list3",
				"name": "menu",
				"id": 190,
				"code": 59675
			},
			"setIdx": 0,
			"setId": 0,
			"iconIdx": 189
		},
		{
			"icon": {
				"paths": [
					"M0 192h896v192h-896v-192zM0 448h896v192h-896v-192zM0 704h896v192h-896v-192z",
					"M992 576l192 192 192-192z",
					"M1376 512l-192-192-192 192z"
				],
				"width": 1408,
				"attrs": [],
				"isMulticolor": false,
				"tags": [
					"menu",
					"options",
					"hamburger"
				],
				"grid": 16
			},
			"attrs": [],
			"properties": {
				"order": 25,
				"prevSize": 16,
				"ligatures": "menu2, options2",
				"name": "menu2",
				"id": 191,
				"code": 59676
			},
			"setIdx": 0,
			"setId": 0,
			"iconIdx": 190
		},
		{
			"icon": {
				"paths": [
					"M0 192h896v192h-896v-192zM0 448h896v192h-896v-192zM0 704h896v192h-896v-192z",
					"M992 640l192-192 192 192z"
				],
				"width": 1408,
				"attrs": [],
				"isMulticolor": false,
				"tags": [
					"menu",
					"options",
					"hamburger"
				],
				"grid": 16
			},
			"attrs": [],
			"properties": {
				"order": 26,
				"prevSize": 16,
				"ligatures": "menu4, options4",
				"name": "menu4",
				"id": 193,
				"code": 59677
			},
			"setIdx": 0,
			"setId": 0,
			"iconIdx": 192
		},
		{
			"icon": {
				"paths": [
					"M512 192c-223.318 0-416.882 130.042-512 320 95.118 189.958 288.682 320 512 320 223.312 0 416.876-130.042 512-320-95.116-189.958-288.688-320-512-320zM764.45 361.704c60.162 38.374 111.142 89.774 149.434 150.296-38.292 60.522-89.274 111.922-149.436 150.296-75.594 48.218-162.89 73.704-252.448 73.704-89.56 0-176.858-25.486-252.452-73.704-60.158-38.372-111.138-89.772-149.432-150.296 38.292-60.524 89.274-111.924 149.434-150.296 3.918-2.5 7.876-4.922 11.86-7.3-9.96 27.328-15.41 56.822-15.41 87.596 0 141.382 114.616 256 256 256 141.382 0 256-114.618 256-256 0-30.774-5.452-60.268-15.408-87.598 3.978 2.378 7.938 4.802 11.858 7.302v0zM512 416c0 53.020-42.98 96-96 96s-96-42.98-96-96 42.98-96 96-96 96 42.982 96 96z"
				],
				"attrs": [],
				"isMulticolor": false,
				"tags": [
					"eye",
					"views",
					"vision",
					"visit"
				],
				"grid": 16
			},
			"attrs": [],
			"properties": {
				"order": 32,
				"prevSize": 16,
				"ligatures": "eye, views",
				"name": "eye",
				"id": 207,
				"code": 59678
			},
			"setIdx": 0,
			"setId": 0,
			"iconIdx": 206
		},
		{
			"icon": {
				"paths": [
					"M1024 128h-128v-128h-128v128h-128v128h128v128h128v-128h128z",
					"M863.862 446.028c18.436 20.478 35.192 42.53 50.022 65.972-38.292 60.522-89.274 111.922-149.436 150.296-75.594 48.218-162.89 73.704-252.448 73.704-89.56 0-176.86-25.486-252.454-73.704-60.156-38.372-111.136-89.772-149.43-150.296 38.292-60.524 89.274-111.924 149.434-150.296 3.918-2.5 7.876-4.922 11.862-7.3-9.962 27.328-15.412 56.822-15.412 87.596 0 141.382 114.616 256 256 256 141.38 0 256-114.618 256-256 0-0.692-0.018-1.38-0.024-2.072-109.284-28.138-190.298-126.63-191.932-244.31-21.026-2.38-42.394-3.618-64.044-3.618-223.318 0-416.882 130.042-512 320 95.118 189.958 288.682 320 512 320 223.31 0 416.876-130.042 512-320-17.64-35.23-38.676-68.394-62.65-99.054-29.28 17.178-62.272 28.71-97.488 33.082zM416 320c53.020 0 96 42.982 96 96 0 53.020-42.98 96-96 96s-96-42.98-96-96 42.98-96 96-96z"
				],
				"attrs": [],
				"isMulticolor": false,
				"tags": [
					"eye-plus",
					"views",
					"vision",
					"visit"
				],
				"grid": 16
			},
			"attrs": [],
			"properties": {
				"order": 31,
				"prevSize": 16,
				"ligatures": "eye-plus, views2",
				"name": "eye-plus",
				"id": 208,
				"code": 59679
			},
			"setIdx": 0,
			"setId": 0,
			"iconIdx": 207
		},
		{
			"icon": {
				"paths": [
					"M640 128h384v128h-384v-128z",
					"M870.32 320h-294.32v-124.388c-21.014-2.376-42.364-3.612-64-3.612-223.318 0-416.882 130.042-512 320 95.118 189.958 288.682 320 512 320 223.31 0 416.876-130.042 512-320-37.396-74.686-90.020-140.1-153.68-192zM416 320c53.020 0 96 42.982 96 96 0 53.020-42.98 96-96 96s-96-42.98-96-96 42.98-96 96-96zM764.448 662.296c-75.594 48.218-162.89 73.704-252.448 73.704-89.56 0-176.86-25.486-252.454-73.704-60.156-38.372-111.136-89.772-149.43-150.296 38.292-60.524 89.274-111.924 149.434-150.296 3.918-2.5 7.876-4.922 11.862-7.3-9.962 27.328-15.412 56.822-15.412 87.596 0 141.382 114.616 256 256 256 141.38 0 256-114.618 256-256 0-30.774-5.454-60.268-15.408-87.598 3.976 2.378 7.938 4.802 11.858 7.302 60.162 38.374 111.142 89.774 149.434 150.296-38.292 60.522-89.274 111.922-149.436 150.296z"
				],
				"attrs": [],
				"isMulticolor": false,
				"tags": [
					"eye-minus",
					"views",
					"vision",
					"visit"
				],
				"grid": 16
			},
			"attrs": [],
			"properties": {
				"order": 33,
				"prevSize": 16,
				"ligatures": "eye-minus, views3",
				"name": "eye-minus",
				"id": 209,
				"code": 59680
			},
			"setIdx": 0,
			"setId": 0,
			"iconIdx": 208
		},
		{
			"icon": {
				"paths": [
					"M945.942 14.058c-18.746-18.744-49.136-18.744-67.882 0l-202.164 202.164c-51.938-15.754-106.948-24.222-163.896-24.222-223.318 0-416.882 130.042-512 320 41.122 82.124 100.648 153.040 173.022 207.096l-158.962 158.962c-18.746 18.746-18.746 49.136 0 67.882 9.372 9.374 21.656 14.060 33.94 14.060s24.568-4.686 33.942-14.058l864-864c18.744-18.746 18.744-49.138 0-67.884zM416 320c42.24 0 78.082 27.294 90.92 65.196l-121.724 121.724c-37.902-12.838-65.196-48.68-65.196-90.92 0-53.020 42.98-96 96-96zM110.116 512c38.292-60.524 89.274-111.924 149.434-150.296 3.918-2.5 7.876-4.922 11.862-7.3-9.962 27.328-15.412 56.822-15.412 87.596 0 54.89 17.286 105.738 46.7 147.418l-60.924 60.924c-52.446-36.842-97.202-83.882-131.66-138.342z",
					"M768 442c0-27.166-4.256-53.334-12.102-77.898l-321.808 321.808c24.568 7.842 50.742 12.090 77.91 12.090 141.382 0 256-114.618 256-256z",
					"M830.026 289.974l-69.362 69.362c1.264 0.786 2.53 1.568 3.786 2.368 60.162 38.374 111.142 89.774 149.434 150.296-38.292 60.522-89.274 111.922-149.436 150.296-75.594 48.218-162.89 73.704-252.448 73.704-38.664 0-76.902-4.76-113.962-14.040l-76.894 76.894c59.718 21.462 123.95 33.146 190.856 33.146 223.31 0 416.876-130.042 512-320-45.022-89.916-112.118-166.396-193.974-222.026z"
				],
				"attrs": [],
				"isMulticolor": false,
				"tags": [
					"eye-blocked",
					"views",
					"vision",
					"visit",
					"banned",
					"blocked",
					"forbidden",
					"private"
				],
				"grid": 16
			},
			"attrs": [],
			"properties": {
				"order": 34,
				"prevSize": 16,
				"ligatures": "eye-blocked, views4",
				"name": "eye-blocked",
				"id": 210,
				"code": 59681
			},
			"setIdx": 0,
			"setId": 0,
			"iconIdx": 209
		},
		{
			"icon": {
				"paths": [
					"M192 0v1024l320-320 320 320v-1024z"
				],
				"attrs": [],
				"isMulticolor": false,
				"tags": [
					"bookmark",
					"ribbon"
				],
				"grid": 16
			},
			"attrs": [],
			"properties": {
				"order": 35,
				"prevSize": 16,
				"ligatures": "bookmark, ribbon",
				"name": "bookmark",
				"id": 211,
				"code": 59682
			},
			"setIdx": 0,
			"setId": 0,
			"iconIdx": 210
		},
		{
			"icon": {
				"paths": [
					"M256 128v896l320-320 320 320v-896zM768 0h-640v896l64-64v-768h576z"
				],
				"attrs": [],
				"isMulticolor": false,
				"tags": [
					"bookmarks",
					"ribbons"
				],
				"grid": 16
			},
			"attrs": [],
			"properties": {
				"order": 36,
				"prevSize": 16,
				"ligatures": "bookmarks, ribbons",
				"name": "bookmarks",
				"id": 212,
				"code": 59683
			},
			"setIdx": 0,
			"setId": 0,
			"iconIdx": 211
		},
		{
			"icon": {
				"paths": [
					"M576 96c0 53.019-42.981 96-96 96s-96-42.981-96-96c0-53.019 42.981-96 96-96s96 42.981 96 96z",
					"M576 256h-192c-35.346 0-64 28.654-64 64v320h64v384h80v-384h32v384h80v-384h64v-320c0-35.346-28.652-64-64-64z"
				],
				"attrs": [],
				"isMulticolor": false,
				"tags": [
					"man",
					"male",
					"gender",
					"sex"
				],
				"grid": 16
			},
			"attrs": [],
			"properties": {
				"order": 37,
				"prevSize": 16,
				"ligatures": "man, male",
				"name": "man",
				"id": 221,
				"code": 59684
			},
			"setIdx": 0,
			"setId": 0,
			"iconIdx": 220
		},
		{
			"icon": {
				"paths": [
					"M576 96c0 53.019-42.981 96-96 96s-96-42.981-96-96c0-53.019 42.981-96 96-96s96 42.981 96 96z",
					"M719 512l49-35.5-133.286-206.116c-5.92-8.98-15.958-14.384-26.714-14.384h-256c-10.756 0-20.792 5.404-26.714 14.384l-133.286 206.116 49 35.5 110.644-143.596 38.458 89.74-134.102 245.856h122.666l21.334 320h64v-320h32v320h64l21.334-320h122.666l-134.104-245.858 38.458-89.74 110.646 143.598z"
				],
				"attrs": [],
				"isMulticolor": false,
				"tags": [
					"woman",
					"female",
					"gender",
					"sex"
				],
				"grid": 16
			},
			"attrs": [],
			"properties": {
				"order": 38,
				"prevSize": 16,
				"ligatures": "woman, female",
				"name": "woman",
				"id": 222,
				"code": 59685
			},
			"setIdx": 0,
			"setId": 0,
			"iconIdx": 221
		},
		{
			"icon": {
				"paths": [
					"M256 96c0 53.019-42.981 96-96 96s-96-42.981-96-96c0-53.019 42.981-96 96-96s96 42.981 96 96z",
					"M832 96c0 53.019-42.981 96-96 96s-96-42.981-96-96c0-53.019 42.981-96 96-96s96 42.981 96 96z",
					"M256 256h-192c-35.346 0-64 28.654-64 64v320h64v384h80v-384h32v384h80v-384h64v-320c0-35.346-28.652-64-64-64z",
					"M975 512l49-35.5-133.286-206.116c-5.92-8.98-15.958-14.384-26.714-14.384h-256c-10.756 0-20.792 5.404-26.714 14.384l-133.286 206.116 49 35.5 110.644-143.596 38.458 89.74-134.102 245.856h122.666l21.334 320h64v-320h32v320h64l21.334-320h122.666l-134.104-245.858 38.458-89.74 110.646 143.598z"
				],
				"attrs": [],
				"isMulticolor": false,
				"tags": [
					"man-woman",
					"toilet",
					"bathroom",
					"sex",
					"gender"
				],
				"grid": 16
			},
			"attrs": [],
			"properties": {
				"order": 39,
				"prevSize": 16,
				"ligatures": "man-woman, toilet",
				"name": "man-woman",
				"id": 223,
				"code": 59686
			},
			"setIdx": 0,
			"setId": 0,
			"iconIdx": 222
		},
		{
			"icon": {
				"paths": [
					"M512 92.774l429.102 855.226h-858.206l429.104-855.226zM512 0c-22.070 0-44.14 14.882-60.884 44.648l-437.074 871.112c-33.486 59.532-5 108.24 63.304 108.24h869.308c68.3 0 96.792-48.708 63.3-108.24h0.002l-437.074-871.112c-16.742-29.766-38.812-44.648-60.882-44.648v0z",
					"M576 832c0 35.346-28.654 64-64 64s-64-28.654-64-64c0-35.346 28.654-64 64-64s64 28.654 64 64z",
					"M512 704c-35.346 0-64-28.654-64-64v-192c0-35.346 28.654-64 64-64s64 28.654 64 64v192c0 35.346-28.654 64-64 64z"
				],
				"attrs": [],
				"isMulticolor": false,
				"tags": [
					"warning",
					"sign"
				],
				"grid": 16
			},
			"attrs": [],
			"properties": {
				"order": 44,
				"prevSize": 16,
				"ligatures": "warning, sign",
				"name": "warning",
				"id": 264,
				"code": 59687
			},
			"setIdx": 0,
			"setId": 0,
			"iconIdx": 263
		},
		{
			"icon": {
				"paths": [
					"M512 96c-111.118 0-215.584 43.272-294.156 121.844s-121.844 183.038-121.844 294.156c0 111.118 43.272 215.584 121.844 294.156s183.038 121.844 294.156 121.844c111.118 0 215.584-43.272 294.156-121.844s121.844-183.038 121.844-294.156c0-111.118-43.272-215.584-121.844-294.156s-183.038-121.844-294.156-121.844zM512 0v0c282.77 0 512 229.23 512 512s-229.23 512-512 512c-282.77 0-512-229.23-512-512s229.23-512 512-512zM448 704h128v128h-128zM448 192h128v384h-128z"
				],
				"attrs": [],
				"isMulticolor": false,
				"tags": [
					"notification",
					"warning",
					"notice",
					"note",
					"exclamation"
				],
				"grid": 16
			},
			"attrs": [],
			"properties": {
				"order": 45,
				"prevSize": 16,
				"ligatures": "notification, warning2",
				"name": "notification",
				"id": 265,
				"code": 59688
			},
			"setIdx": 0,
			"setId": 0,
			"iconIdx": 264
		},
		{
			"icon": {
				"paths": [
					"M448 704h128v128h-128zM704 256c35.346 0 64 28.654 64 64v192l-192 128h-128v-64l192-128v-64h-320v-128h384zM512 96c-111.118 0-215.584 43.272-294.156 121.844s-121.844 183.038-121.844 294.156c0 111.118 43.272 215.584 121.844 294.156s183.038 121.844 294.156 121.844c111.118 0 215.584-43.272 294.156-121.844s121.844-183.038 121.844-294.156c0-111.118-43.272-215.584-121.844-294.156s-183.038-121.844-294.156-121.844zM512 0v0c282.77 0 512 229.23 512 512s-229.23 512-512 512c-282.77 0-512-229.23-512-512s229.23-512 512-512z"
				],
				"attrs": [],
				"isMulticolor": false,
				"tags": [
					"question",
					"help",
					"support"
				],
				"grid": 16
			},
			"attrs": [],
			"properties": {
				"order": 46,
				"prevSize": 16,
				"ligatures": "question, help",
				"name": "question",
				"id": 266,
				"code": 59689
			},
			"setIdx": 0,
			"setId": 0,
			"iconIdx": 265
		},
		{
			"icon": {
				"paths": [
					"M992 384h-352v-352c0-17.672-14.328-32-32-32h-192c-17.672 0-32 14.328-32 32v352h-352c-17.672 0-32 14.328-32 32v192c0 17.672 14.328 32 32 32h352v352c0 17.672 14.328 32 32 32h192c17.672 0 32-14.328 32-32v-352h352c17.672 0 32-14.328 32-32v-192c0-17.672-14.328-32-32-32z"
				],
				"attrs": [],
				"isMulticolor": false,
				"tags": [
					"plus",
					"add",
					"sum"
				],
				"grid": 16
			},
			"attrs": [],
			"properties": {
				"order": 42,
				"prevSize": 16,
				"ligatures": "plus, add",
				"name": "plus",
				"id": 267,
				"code": 59690
			},
			"setIdx": 0,
			"setId": 0,
			"iconIdx": 266
		},
		{
			"icon": {
				"paths": [
					"M0 416v192c0 17.672 14.328 32 32 32h960c17.672 0 32-14.328 32-32v-192c0-17.672-14.328-32-32-32h-960c-17.672 0-32 14.328-32 32z"
				],
				"attrs": [],
				"isMulticolor": false,
				"tags": [
					"minus",
					"subtract",
					"minimize",
					"line"
				],
				"grid": 16
			},
			"attrs": [],
			"properties": {
				"order": 43,
				"prevSize": 16,
				"ligatures": "minus, subtract",
				"name": "minus",
				"id": 268,
				"code": 59691
			},
			"setIdx": 0,
			"setId": 0,
			"iconIdx": 267
		},
		{
			"icon": {
				"paths": [
					"M1014.662 822.66c-0.004-0.004-0.008-0.008-0.012-0.010l-310.644-310.65 310.644-310.65c0.004-0.004 0.008-0.006 0.012-0.010 3.344-3.346 5.762-7.254 7.312-11.416 4.246-11.376 1.824-24.682-7.324-33.83l-146.746-146.746c-9.148-9.146-22.45-11.566-33.828-7.32-4.16 1.55-8.070 3.968-11.418 7.31 0 0.004-0.004 0.006-0.008 0.010l-310.648 310.652-310.648-310.65c-0.004-0.004-0.006-0.006-0.010-0.010-3.346-3.342-7.254-5.76-11.414-7.31-11.38-4.248-24.682-1.826-33.83 7.32l-146.748 146.748c-9.148 9.148-11.568 22.452-7.322 33.828 1.552 4.16 3.97 8.072 7.312 11.416 0.004 0.002 0.006 0.006 0.010 0.010l310.65 310.648-310.65 310.652c-0.002 0.004-0.006 0.006-0.008 0.010-3.342 3.346-5.76 7.254-7.314 11.414-4.248 11.376-1.826 24.682 7.322 33.83l146.748 146.746c9.15 9.148 22.452 11.568 33.83 7.322 4.16-1.552 8.070-3.97 11.416-7.312 0.002-0.004 0.006-0.006 0.010-0.010l310.648-310.65 310.648 310.65c0.004 0.002 0.008 0.006 0.012 0.008 3.348 3.344 7.254 5.762 11.414 7.314 11.378 4.246 24.684 1.826 33.828-7.322l146.746-146.748c9.148-9.148 11.57-22.454 7.324-33.83-1.552-4.16-3.97-8.068-7.314-11.414z"
				],
				"attrs": [],
				"isMulticolor": false,
				"tags": [
					"cross",
					"cancel",
					"close",
					"quit",
					"remove"
				],
				"grid": 16
			},
			"attrs": [],
			"properties": {
				"order": 40,
				"prevSize": 16,
				"ligatures": "cross, cancel",
				"name": "cross",
				"id": 272,
				"code": 59692
			},
			"setIdx": 0,
			"setId": 0,
			"iconIdx": 271
		},
		{
			"icon": {
				"paths": [
					"M864 128l-480 480-224-224-160 160 384 384 640-640z"
				],
				"attrs": [],
				"isMulticolor": false,
				"tags": [
					"checkmark",
					"tick",
					"correct",
					"accept",
					"ok"
				],
				"grid": 16
			},
			"attrs": [],
			"properties": {
				"order": 41,
				"prevSize": 16,
				"ligatures": "checkmark, tick",
				"name": "checkmark",
				"id": 273,
				"code": 59693
			},
			"setIdx": 0,
			"setId": 0,
			"iconIdx": 272
		},
		{
			"icon": {
				"paths": [
					"M384 512h-320v-128h320v-128l192 192-192 192zM1024 0v832l-384 192v-192h-384v-256h64v192h320v-576l256-128h-576v256h-64v-320z"
				],
				"attrs": [],
				"isMulticolor": false,
				"tags": [
					"enter",
					"signin",
					"login"
				],
				"grid": 16
			},
			"attrs": [],
			"properties": {
				"order": 63,
				"prevSize": 16,
				"ligatures": "enter, signin",
				"name": "enter",
				"id": 276,
				"code": 59694
			},
			"setIdx": 0,
			"setId": 0,
			"iconIdx": 275
		},
		{
			"icon": {
				"paths": [
					"M768 640v-128h-320v-128h320v-128l192 192zM704 576v256h-320v192l-384-192v-832h704v320h-64v-256h-512l256 128v576h256v-192z"
				],
				"attrs": [],
				"isMulticolor": false,
				"tags": [
					"exit",
					"signout",
					"logout",
					"quit",
					"close"
				],
				"grid": 16
			},
			"attrs": [],
			"properties": {
				"order": 64,
				"prevSize": 16,
				"ligatures": "exit, signout",
				"name": "exit",
				"id": 277,
				"code": 59695
			},
			"setIdx": 0,
			"setId": 0,
			"iconIdx": 276
		},
		{
			"icon": {
				"paths": [
					"M512 0c-282.77 0-512 229.23-512 512s229.23 512 512 512 512-229.23 512-512-229.23-512-512-512zM512 928c-229.75 0-416-186.25-416-416s186.25-416 416-416 416 186.25 416 416-186.25 416-416 416zM384 288l384 224-384 224z"
				],
				"attrs": [],
				"isMulticolor": false,
				"tags": [
					"play",
					"player"
				],
				"grid": 16
			},
			"attrs": [],
			"properties": {
				"order": 47,
				"prevSize": 16,
				"ligatures": "play2, player",
				"name": "play2",
				"id": 278,
				"code": 59696
			},
			"setIdx": 0,
			"setId": 0,
			"iconIdx": 277
		},
		{
			"icon": {
				"paths": [
					"M512 0c-282.77 0-512 229.23-512 512s229.23 512 512 512 512-229.23 512-512-229.23-512-512-512zM512 928c-229.75 0-416-186.25-416-416s186.25-416 416-416 416 186.25 416 416-186.25 416-416 416zM320 320h128v384h-128zM576 320h128v384h-128z"
				],
				"attrs": [],
				"isMulticolor": false,
				"tags": [
					"pause",
					"player"
				],
				"grid": 16
			},
			"attrs": [],
			"properties": {
				"order": 48,
				"prevSize": 16,
				"ligatures": "pause, player2",
				"name": "pause",
				"id": 279,
				"code": 59697
			},
			"setIdx": 0,
			"setId": 0,
			"iconIdx": 278
		},
		{
			"icon": {
				"paths": [
					"M512 0c-282.77 0-512 229.23-512 512s229.23 512 512 512 512-229.23 512-512-229.23-512-512-512zM512 928c-229.75 0-416-186.25-416-416s186.25-416 416-416 416 186.25 416 416-186.25 416-416 416zM320 320h384v384h-384z"
				],
				"attrs": [],
				"isMulticolor": false,
				"tags": [
					"stop",
					"player"
				],
				"grid": 16
			},
			"attrs": [],
			"properties": {
				"order": 49,
				"prevSize": 16,
				"ligatures": "stop, player3",
				"name": "stop",
				"id": 280,
				"code": 59698
			},
			"setIdx": 0,
			"setId": 0,
			"iconIdx": 279
		},
		{
			"icon": {
				"paths": [
					"M512 0c-282.77 0-512 229.23-512 512s229.23 512 512 512 512-229.23 512-512-229.23-512-512-512zM512 928c-229.75 0-416-186.25-416-416s186.25-416 416-416 416 186.25 416 416-186.25 416-416 416z",
					"M448 512l256-192v384z",
					"M320 320h128v384h-128v-384z"
				],
				"attrs": [],
				"isMulticolor": false,
				"tags": [
					"previous",
					"player"
				],
				"grid": 16
			},
			"attrs": [],
			"properties": {
				"order": 50,
				"prevSize": 16,
				"ligatures": "previous, player4",
				"name": "previous",
				"id": 281,
				"code": 59699
			},
			"setIdx": 0,
			"setId": 0,
			"iconIdx": 280
		},
		{
			"icon": {
				"paths": [
					"M512 0c282.77 0 512 229.23 512 512s-229.23 512-512 512-512-229.23-512-512 229.23-512 512-512zM512 928c229.75 0 416-186.25 416-416s-186.25-416-416-416-416 186.25-416 416 186.25 416 416 416z",
					"M576 512l-256-192v384z",
					"M704 320h-128v384h128v-384z"
				],
				"attrs": [],
				"isMulticolor": false,
				"tags": [
					"next",
					"player"
				],
				"grid": 16
			},
			"attrs": [],
			"properties": {
				"order": 51,
				"prevSize": 16,
				"ligatures": "next, player5",
				"name": "next",
				"id": 282,
				"code": 59700
			},
			"setIdx": 0,
			"setId": 0,
			"iconIdx": 281
		},
		{
			"icon": {
				"paths": [
					"M512 1024c282.77 0 512-229.23 512-512s-229.23-512-512-512-512 229.23-512 512 229.23 512 512 512zM512 96c229.75 0 416 186.25 416 416s-186.25 416-416 416-416-186.25-416-416 186.25-416 416-416zM704 672l-224-160 224-160zM448 672l-224-160 224-160z"
				],
				"attrs": [],
				"isMulticolor": false,
				"tags": [
					"backward",
					"player"
				],
				"grid": 16
			},
			"attrs": [],
			"properties": {
				"order": 52,
				"prevSize": 16,
				"ligatures": "backward, player6",
				"name": "backward",
				"id": 283,
				"code": 59701
			},
			"setIdx": 0,
			"setId": 0,
			"iconIdx": 282
		},
		{
			"icon": {
				"paths": [
					"M512 0c-282.77 0-512 229.23-512 512s229.23 512 512 512 512-229.23 512-512-229.23-512-512-512zM512 928c-229.75 0-416-186.25-416-416s186.25-416 416-416 416 186.25 416 416-186.25 416-416 416zM320 352l224 160-224 160zM576 352l224 160-224 160z"
				],
				"attrs": [],
				"isMulticolor": false,
				"tags": [
					"forward",
					"player"
				],
				"grid": 16
			},
			"attrs": [],
			"properties": {
				"order": 53,
				"prevSize": 16,
				"ligatures": "forward2, player7",
				"name": "forward2",
				"id": 284,
				"code": 59702
			},
			"setIdx": 0,
			"setId": 0,
			"iconIdx": 283
		},
		{
			"icon": {
				"paths": [
					"M192 128l640 384-640 384z"
				],
				"attrs": [],
				"isMulticolor": false,
				"tags": [
					"play",
					"player"
				],
				"grid": 16
			},
			"attrs": [],
			"properties": {
				"order": 54,
				"prevSize": 16,
				"ligatures": "play3, player8",
				"name": "play3",
				"id": 285,
				"code": 59703
			},
			"setIdx": 0,
			"setId": 0,
			"iconIdx": 284
		},
		{
			"icon": {
				"paths": [
					"M128 128h320v768h-320zM576 128h320v768h-320z"
				],
				"attrs": [],
				"isMulticolor": false,
				"tags": [
					"pause",
					"player"
				],
				"grid": 16
			},
			"attrs": [],
			"properties": {
				"order": 55,
				"prevSize": 16,
				"ligatures": "pause2, player9",
				"name": "pause2",
				"id": 286,
				"code": 59704
			},
			"setIdx": 0,
			"setId": 0,
			"iconIdx": 285
		},
		{
			"icon": {
				"paths": [
					"M128 128h768v768h-768z"
				],
				"attrs": [],
				"isMulticolor": false,
				"tags": [
					"stop",
					"player",
					"square"
				],
				"grid": 16
			},
			"attrs": [],
			"properties": {
				"order": 56,
				"prevSize": 16,
				"ligatures": "stop2, player10",
				"name": "stop2",
				"id": 287,
				"code": 59705
			},
			"setIdx": 0,
			"setId": 0,
			"iconIdx": 286
		},
		{
			"icon": {
				"paths": [
					"M576 160v320l320-320v704l-320-320v320l-352-352z"
				],
				"attrs": [],
				"isMulticolor": false,
				"tags": [
					"backward",
					"player"
				],
				"grid": 16
			},
			"attrs": [],
			"properties": {
				"order": 57,
				"prevSize": 16,
				"ligatures": "backward2, player11",
				"name": "backward2",
				"id": 288,
				"code": 59706
			},
			"setIdx": 0,
			"setId": 0,
			"iconIdx": 287
		},
		{
			"icon": {
				"paths": [
					"M512 864v-320l-320 320v-704l320 320v-320l352 352z"
				],
				"attrs": [],
				"isMulticolor": false,
				"tags": [
					"forward",
					"player"
				],
				"grid": 16
			},
			"attrs": [],
			"properties": {
				"order": 58,
				"prevSize": 16,
				"ligatures": "forward3, player12",
				"name": "forward3",
				"id": 289,
				"code": 59707
			},
			"setIdx": 0,
			"setId": 0,
			"iconIdx": 288
		},
		{
			"icon": {
				"paths": [
					"M128 896v-768h128v352l320-320v320l320-320v704l-320-320v320l-320-320v352z"
				],
				"attrs": [],
				"isMulticolor": false,
				"tags": [
					"first",
					"player"
				],
				"grid": 16
			},
			"attrs": [],
			"properties": {
				"order": 59,
				"prevSize": 16,
				"ligatures": "first, player13",
				"name": "first",
				"id": 290,
				"code": 59708
			},
			"setIdx": 0,
			"setId": 0,
			"iconIdx": 289
		},
		{
			"icon": {
				"paths": [
					"M896 128v768h-128v-352l-320 320v-320l-320 320v-704l320 320v-320l320 320v-352z"
				],
				"attrs": [],
				"isMulticolor": false,
				"tags": [
					"last",
					"player"
				],
				"grid": 16
			},
			"attrs": [],
			"properties": {
				"order": 60,
				"prevSize": 16,
				"ligatures": "last, player14",
				"name": "last",
				"id": 291,
				"code": 59709
			},
			"setIdx": 0,
			"setId": 0,
			"iconIdx": 290
		},
		{
			"icon": {
				"paths": [
					"M256 896v-768h128v352l320-320v704l-320-320v352z"
				],
				"attrs": [],
				"isMulticolor": false,
				"tags": [
					"previous",
					"player"
				],
				"grid": 16
			},
			"attrs": [],
			"properties": {
				"order": 61,
				"prevSize": 16,
				"ligatures": "previous2, player15",
				"name": "previous2",
				"id": 292,
				"code": 59710
			},
			"setIdx": 0,
			"setId": 0,
			"iconIdx": 291
		},
		{
			"icon": {
				"paths": [
					"M768 128v768h-128v-352l-320 320v-704l320 320v-352z"
				],
				"attrs": [],
				"isMulticolor": false,
				"tags": [
					"next",
					"player"
				],
				"grid": 16
			},
			"attrs": [],
			"properties": {
				"order": 62,
				"prevSize": 16,
				"ligatures": "next2, player16",
				"name": "next2",
				"id": 293,
				"code": 59711
			},
			"setIdx": 0,
			"setId": 0,
			"iconIdx": 292
		},
		{
			"icon": {
				"paths": [
					"M0 512c0 282.77 229.23 512 512 512s512-229.23 512-512-229.23-512-512-512-512 229.23-512 512zM928 512c0 229.75-186.25 416-416 416s-416-186.25-416-416 186.25-416 416-416 416 186.25 416 416z",
					"M706.744 669.256l90.512-90.512-285.256-285.254-285.254 285.256 90.508 90.508 194.746-194.744z"
				],
				"attrs": [],
				"isMulticolor": false,
				"tags": [
					"circle-up",
					"up",
					"circle-top",
					"arrow"
				],
				"grid": 16
			},
			"attrs": [],
			"properties": {
				"order": 65,
				"prevSize": 16,
				"ligatures": "circle-up, up3",
				"name": "circle-up",
				"id": 322,
				"code": 59712
			},
			"setIdx": 0,
			"setId": 0,
			"iconIdx": 321
		},
		{
			"icon": {
				"paths": [
					"M512 0c-282.77 0-512 229.23-512 512s229.23 512 512 512 512-229.23 512-512-229.23-512-512-512zM512 928c-229.75 0-416-186.25-416-416s186.25-416 416-416 416 186.25 416 416-186.25 416-416 416z",
					"M354.744 706.744l90.512 90.512 285.254-285.256-285.256-285.254-90.508 90.508 194.744 194.746z"
				],
				"attrs": [],
				"isMulticolor": false,
				"tags": [
					"circle-right",
					"right",
					"circle-next",
					"arrow"
				],
				"grid": 16
			},
			"attrs": [],
			"properties": {
				"order": 66,
				"prevSize": 16,
				"ligatures": "circle-right, right5",
				"name": "circle-right",
				"id": 323,
				"code": 59713
			},
			"setIdx": 0,
			"setId": 0,
			"iconIdx": 322
		},
		{
			"icon": {
				"paths": [
					"M1024 512c0-282.77-229.23-512-512-512s-512 229.23-512 512 229.23 512 512 512 512-229.23 512-512zM96 512c0-229.75 186.25-416 416-416s416 186.25 416 416-186.25 416-416 416-416-186.25-416-416z",
					"M317.256 354.744l-90.512 90.512 285.256 285.254 285.254-285.256-90.508-90.508-194.746 194.744z"
				],
				"attrs": [],
				"isMulticolor": false,
				"tags": [
					"circle-down",
					"down",
					"circle-bottom",
					"arrow"
				],
				"grid": 16
			},
			"attrs": [],
			"properties": {
				"order": 67,
				"prevSize": 16,
				"ligatures": "circle-down, down3",
				"name": "circle-down",
				"id": 324,
				"code": 59714
			},
			"setIdx": 0,
			"setId": 0,
			"iconIdx": 323
		},
		{
			"icon": {
				"paths": [
					"M512 1024c282.77 0 512-229.23 512-512s-229.23-512-512-512-512 229.23-512 512 229.23 512 512 512zM512 96c229.75 0 416 186.25 416 416s-186.25 416-416 416-416-186.25-416-416 186.25-416 416-416z",
					"M669.256 317.256l-90.512-90.512-285.254 285.256 285.256 285.254 90.508-90.508-194.744-194.746z"
				],
				"attrs": [],
				"isMulticolor": false,
				"tags": [
					"circle-left",
					"left",
					"circle-previous",
					"arrow"
				],
				"grid": 16
			},
			"attrs": [],
			"properties": {
				"order": 68,
				"prevSize": 16,
				"ligatures": "circle-left, left5",
				"name": "circle-left",
				"id": 325,
				"code": 59715
			},
			"setIdx": 0,
			"setId": 0,
			"iconIdx": 324
		}
	],
	"height": 1024,
	"metadata": {
		"name": "icomoon"
	},
	"preferences": {
		"showGlyphs": true,
		"showQuickUse": true,
		"showQuickUse2": true,
		"showSVGs": true,
		"fontPref": {
			"prefix": "icon-",
			"metadata": {
				"fontFamily": "icomoon"
			},
			"metrics": {
				"emSize": 1024,
				"baseline": 6.25,
				"whitespace": 50
			},
			"embed": false
		},
		"imagePref": {
			"prefix": "icon-",
			"png": true,
			"useClassSelector": true,
			"color": 0,
			"bgColor": 16777215,
			"classSelector": ".icon"
		},
		"historySize": 100,
		"showCodes": true,
		"gridSize": 16
	}
}